URL,url_length,num_digits,num_special_chars,num_subdomains,https
http://g551006.cc/,18,6,5,1,0
http://matinsh2001.github.io/Instagram/index.html,49,4,8,3,0
https://case-id-1000228258372.counselschambers.co.uk/,53,13,9,3,1
https://www.mobilllepayylasuomii.com/,37,0,6,2,1
http://5510066.vip/,19,7,5,1,0
http://m.bdqmgdc.cn/,20,0,6,2,0
http://worker-spring-lab-06fd.farshad2000372463.workers.dev/,60,12,10,3,0
https://adstudionexcode-lime.vercel.app/get_help,48,0,8,2,1
https://currently301.weebly.com/,32,3,6,2,1
https://currentlyfoldersnew.weebly.com/,39,0,6,2,1
http://flndmy.pro/?i=Ozkof,26,0,7,1,0
https://funnelproscodebyte-phi.vercel.app/ttu&g_ep=EgoyMDI1MDMyMy4wIKXMDSoA.html,80,2,11,3,1
https://termsbreachsocialinfluence.vercel.app/ttu&g_ep=EgoyMDI1MDMyMy4wIKXMDSoA,79,2,9,2,1
https://funnelproscodebyte-phi.vercel.app/ttu&g_ep=EgoyMDI1MDMyMy4wIKXMDSoA,75,2,10,2,1
http://user.fm/files/v2-6d69ee599b97f8cb91c28520e3c43c4b/po,59,21,8,1,0
http://safety-profiles-fb-ads-156388588.vercel.app/,51,9,10,2,0
https://jonathan-id3643829576.vercel.app/hhkruu.html,52,10,8,3,1
http://hungry-fresh-glitter.glitch.me/,38,0,8,2,0
https://conversionfuelbytecore-rho.vercel.app/ttu&g_ep=EgoyMDI1MDMyMy4wIKXMDSoA,79,2,10,2,1
https://currently7642945.weebly.com/,36,7,6,2,1
http://instagram-clone-anton.vercel.app/,40,0,8,2,0
http://policy-violation-10060603.victoriakent.co.uk/,52,8,9,3,0
http://fnanlskullanhemen.vercel.app/,36,0,6,2,0
http://smogtoken-reward.pages.dev/,34,0,7,2,0
http://bt-104659.weeblysite.com/,32,6,7,2,0
https://attwebmail2334.weebly.com/,34,4,6,2,1
http://www.covidaircurtains.com/webm.ne.jp/redirect/,52,0,10,4,0
http://srreeraj.github.io/Netflix-Static-Web,44,0,8,2,0
http://kadupratik.github.io/Netflix,35,0,6,2,0
https://carrefouriramadan2.pages.dev/56497228,45,9,6,2,1
http://srihari3601.github.io/FacebookCloneusingTailwind,55,4,6,2,0
http://ethss159233.top/,23,6,5,1,0
https://pageviolationtrendfusion.vercel.app/ttu&g_ep=EgoyMDI1MDMyMy4wIKXMDSoA,77,2,9,2,1
https://pageviolationtrendfusion.vercel.app/ttu&g_ep=EgoyMDI1MDMyMy4wIKXMDSoA.html,82,2,10,3,1
https://legalnoticebrandhype.vercel.app/ttu&g_ep=EgoyMDI1MDMyMy4wIKXMDSoA,73,2,9,2,1
http://365.qwe123-asd456-zxc789.365645.top/,43,18,9,3,0
https://appealsadzone.vercel.app/ttu&g_ep=EgoyMDI1MDMyMy4wIKXMDSoA,66,2,9,2,1
http://wellsfargo-usa.godaddysites.com/,39,0,7,2,0
https://business-validations-support-with-id100049778314.vercel.app/matell.html/,80,12,12,3,1
https://socialreachtechlabs-gold.vercel.app/ttu&g_ep=EgoyMDI1MDMyMy4wIKXMDSoA,77,2,10,2,1
http://551006n.cc/,18,6,5,1,0
http://cp-codm.com/,19,0,6,1,0
https://layanan-oficiall-dana.help-web.my.id/,45,0,10,3,1
http://kuicoinlogin.weebly.com/,31,0,6,2,0
https://trezerwallet-cdn.webflow.io/,36,0,7,2,1
http://canibuseprolagni.godaddysites.com/,41,0,6,2,0
http://blockfilogi--official.webflow.io/,40,0,8,2,0
http://genminiaplosginie.godaddysites.com/,42,0,6,2,0
http://trezzre_walets.godaddysites.com/,39,0,7,2,0
http://smartie.forsa.net/,25,0,6,2,0
https://wistful-sable-gold.glitch.me/,37,0,8,2,1
http://relaxbeddingonline.xyz/,30,0,5,1,0
https://orrofun.com/landings/ro-masha2/?transaction_id=QXZGdkM4VUxJT0lxSVAweCtSTUxWdz09,87,5,11,1,1
http://apples-care-service9p4.vercel.app/,41,2,8,2,0
http://iostart-m-trezer.github.io/,34,0,8,2,0
http://upholljoyinlog.godaddysites.com/,39,0,6,2,0
http://3ggggggggggg.blogspot.tw/,32,1,6,2,0
http://javeriyasaleem.github.io/Netflix-Clone,45,0,7,2,0
http://zozo0329.github.io/loginClone,36,4,6,2,0
http://netzeroo.wixsite.com/netzero/,36,0,7,2,0
http://ing.talent-community.com/,32,0,7,2,0
https://tazeenansari2023.github.io/netflix-clone,48,4,7,2,1
http://hsvgaiklwpp4-4-25owy.110as.web.id/,41,7,9,3,0
https://gaurav-kr-09.github.io/netflix-clone,44,2,9,2,1
http://outlook-f99a9d.webflow.io/,33,3,7,2,0
http://hub--trezor-i0-start.webflow.io/,39,1,10,2,0
http://help---en---ledger-cdn.webflow.io/,41,0,13,2,0
https://significance-id26602159.vercel.app/hhkruu.html,54,8,8,3,1
http://taghavi-nissan.pimfaa.workers.dev/,41,0,8,3,0
http://c551002.cc/,18,6,5,1,0
http://sanjay-goud.github.io/netflix_clone,42,0,8,2,0
http://sxcfg6r.pages.dev/,25,1,6,2,0
https://forceremovalsocialventurespro.vercel.app/get_help/,58,0,8,2,1
http://fazila8790.github.io/geekster_projects,45,4,7,2,0
http://paypalloginin-usa.blogspot.mx/,37,0,7,2,0
http://paypalloginin-usa.blogspot.co.il/,40,0,8,3,0
http://uuyhftred.weeblysite.com/,32,0,6,2,0
http://dbdudwdwdbw0bdg6cgd.weeblysite.com/,42,2,6,2,0
http://btwebmailphp.weebly.com/,31,0,6,2,0
https://business-validations-support-with-id100064613101.vercel.app/matell.html/,80,12,12,3,1
https://gifvj.sgct.my.id/index.php?aToken=verified,50,0,10,4,1
http://attwebmail2.weebly.com/,30,1,6,2,0
http://aniketsaini5.github.io/Instagram_Login,45,1,7,2,0
https://support-id1003324751.vercel.app/matixx.html/,52,10,9,3,1
https://adcreatorscloudpro-lovat.vercel.app/ttu&g_ep=EgoyMDI1MDMyMy4wIKXMDSoA,77,2,10,2,1
https://privacytrackeradstreamline.vercel.app/zL20vMDFjcjI4entry=ttu&g_ep=EgoyMDI1MDM,85,4,10,2,1
http://bitvavo.com.nl.services.equipotacticocondor.com.mx/,58,0,10,6,0
http://bitvavo.com.nl.services.equipotacticocondor.com.mx/profiel_bijw,70,0,11,6,0
https://cjt.ios.mybluehost.me/NO/c9da893/Sign_in.php,52,4,11,4,1
https://privacytrackeradstreamline.vercel.app/zL20vMDFjcjI4entry=ttu&g_ep=EgoyMDI1MDM.html,90,4,11,3,1
https://pub-559a5fefc35e4252b20ac14a4e545ee9.r2.dev/index.html,62,20,8,3,1
https://shawsettingalert.weebly.com/,36,0,6,2,1
http://aaa.x10.bz/,18,2,6,2,0
http://iuytr-100728.weeblysite.com/,35,6,7,2,0
http://popopdp.weeblysite.com/,30,0,6,2,0
http://netflixgpt-98554.firebaseapp.com/,40,5,7,2,0
http://loginmlcrosoftonline365.partner.hanonsystems.com.ribeiroautocapas.com.br/cgi-bin/reset/authorize?email=3mail@b.c,119,4,17,7,0
http://att-currently-30-1-2025.weeblysite.com/,46,7,10,2,0
http://meetamaskklog.godaddysites.com/,38,0,6,2,0
http://pb36500.net/,19,5,5,1,0
https://adstudiotechflux-ten.vercel.app/ttu&g_ep=EgoyMDI1MDMyMy4wIKXMDSoA,73,2,10,2,1
https://quintaisdagua.com.br/NN/25GB/,37,2,8,2,1
https://quintaisdagua.com.br/NN/25GB/index2.php?email=,54,3,11,3,1
https://forceremovalsocialventurespro.vercel.app/ttu&g_ep=EgoyMDI1MDMyMy4wIKXMDSoA,82,2,9,2,1
http://bafkreighlvmuq3xkqcedprmhncbn4ljnclump3ja3skohpcbxljw3aw32e.ipfs.dweb.link/,82,7,7,3,0
http://koinconlogin.webflow.io/,31,0,6,2,0
http://trezerwallelogin.webflow.io/,35,0,6,2,0
http://auth---trezro-io---h-cdn.webflow.io/,43,0,14,2,0
http://help-sso-rs--ledgecontent.webflow.io/,44,0,10,2,0
http://start-comledgrr.webflow.io/,34,0,7,2,0
http://support-en-l-edger.webflow.io/,37,0,9,2,0
http://app--authh--ledgre.webflow.io/,37,0,10,2,0
http://help-hub---desktop--ledgur.webflow.io/,45,0,12,2,0
http://kconnieloon.webflow.io/,30,0,6,2,0
http://coinibsahepprologxn.godaddysites.com/,44,0,6,2,0
http://rushabh782.github.io/FacebookClone,41,3,6,2,0
https://reuqxwctcwpxj3brxhksjvubekcn6fngcgplszqellgjgbeq4kza.g8way.io/iSkL2FMVn3TsMbnVJNaBIoTfFaYRnrlmBFrMkwSQ4rI?email=3mail@b.c,129,8,10,3,1
https://abisheksathiyan.github.io/Instagram-Login/,50,0,8,2,1
http://katyayini-k.github.io/Amazon/login.html,46,0,9,3,0
https://mail.trends.be/optiext/optiextension.dll?ID=d9njbxITzfvX3-B-eCGvzjw_XOJdmwoB-z56EpWYQOahjiY42ynXb6hTn6DKUrPz610r988X1_iu0L3eQ_Q2KDCmp3W2RqIlS_CMsFLW,156,20,17,3,1
http://instsgram.vercel.app/,28,0,6,2,0
http://guidelineenforcementviralmasters.vercel.app/get_help,59,0,7,2,0
https://www.potmeetspopstore.info/,34,0,6,2,1
https://brandconnectnetfusion-one.vercel.app/ttu&g_ep=EgoyMDI1MDMyMy4wIKXMDSoA.html,83,2,11,3,1
https://brandconnectnetfusion-one.vercel.app/ttu&g_ep=EgoyMDI1MDMyMy4wIKXMDSoA,78,2,10,2,1
http://welcome-us-bridge.github.io/en-us,40,0,9,2,0
http://mmanndiirrii.web.id/,27,0,6,2,0
http://hufdtu.fseyt.my.id/,26,0,7,3,0
http://airbnbclone-ebon-nine.vercel.app/,40,0,8,2,0
https://steamgifts.cfd/105349419,32,9,5,1,1
http://aupaycardtopis.shop/au/promotion,39,0,6,1,0
http://aupaycardouts.shop/au/promotion,38,0,6,1,0
https://ipfs.io/ipfs/bafkreie6i7jcwlmocsvs23z7vhhli4tnm7iwnl2rfuanmq3ocwg72khl2e,80,12,6,1,1
http://551003t.cc/,18,6,5,1,0
http://551005u.cc/,18,6,5,1,0
http://551001t.cc/,18,6,5,1,0
http://551004u.cc/,18,6,5,1,0
http://separated-insidious-paddleboat.glitch.me/,48,0,8,2,0
http://bt12bill.weebly.com/,27,2,6,2,0
http://pb36555.com/,19,5,5,1,0
http://551009t.cc/,18,6,5,1,0
http://551000t.cc/,18,6,5,1,0
http://551002u.cc/,18,6,5,1,0
http://identifiez-vous462.godaddysites.com/,43,3,7,2,0
http://att-1045mail.weeblysite.com/,35,4,7,2,0
https://12117-blue.vercel.app/verset.html,41,5,8,3,1
http://www.rebrand.ly/cd5b87/,29,3,7,2,0
http://portfoliometamask.icu/,29,0,5,1,0
https://line.cisjbz.my.id/,26,0,7,3,1
http://www.bdqmgdc.cn/,22,0,6,2,0
http://id38344628submittingfeedback.vercel.app/,47,8,6,2,0
http://kontrollhels.wpenginepowered.com/bent/pages/step-one.php,63,0,10,3,0
https://laksh-shetty.github.io/netflix-ui/,42,0,9,2,1
http://logon--t-r-ezzor.webflow.io/,35,0,10,2,0
http://op48oa.webwave.dev/,26,2,6,2,0
http://nxnj88.github.io/,24,2,6,2,0
http://my-site-103629-103822.weeblysite.com/,44,12,9,2,0
http://uber-p2.netlify.app/,27,1,7,2,0
http://kuldeep604.github.io/Netflix,35,3,6,2,0
http://auth-trexr.webflow.io/,29,0,7,2,0
https://securesession.wpenginepowered.com/swisspass/9af4f/,58,2,8,2,1
http://awacs-paf-letter-cetci-open.netlify.app/,47,0,10,2,0
http://portal--ai---ledger.webflow.io/,38,0,11,2,0
http://trezrhardware-cdn-en.webflow.io/,39,0,8,2,0
http://www.amazon8828.net/,26,4,6,2,0
http://help-live--ledgesrs.webflow.io/,38,0,9,2,0
http://auth--start--treizor.webflow.io/,39,0,10,2,0
http://metamaskeloeugene.webflow.io/,36,0,6,2,0
https://getprox.cc/go/13b433/63d4/?rdr=1,40,9,10,1,1
https://doc-ledgr----cdn.webflow.io/,36,0,11,2,1
http://m.whldyxx.net/,21,0,6,2,0
https://bet5555.bet/,20,4,5,1,1
http://paypalloginin-usa.blogspot.com.co/,41,0,8,3,0
https://ttkvipshop.com/,23,0,5,1,1
http://wholetkmall.azureedge.net/,33,0,6,2,0
http://551004t.cc/,18,6,5,1,0
http://metaamasklougin.webflow.io/,34,0,6,2,0
http://maachuda-app-hf4aw.ondigitalocean.app/,45,1,8,2,0
https://cdn.trytraffics.com/rdr/YWE9NDA3MjM4NjM4JnNlaT0yODU1ODUyMCZ0az1MOThlbUNkMkJYa205b1FOMkVaSCZ0PTUmYz05MGFzODc2ZmQ4OWFzNWZnOGEwOXM=,136,17,8,2,1
https://cdn.trytraffics.com/rdr/YWE9NDA3MjM4NjQ5JnNlaT0yODU1ODQ5NyZ0az1iTkU1eG1KcUIzZ2VoWFRFcTRPbCZ0PTUmYz05MGFzODc2ZmQ4OWFzNWZnOGEwOXM=,136,17,8,2,1
https://cdn.trytraffics.com/rdr/YWE9NDA3MjM4NjUxJnNlaT0yODU1ODQ5MSZ0az1iQ3Fjc3FTUTl4WnM2SjVsZXVtZiZ0PTUmYz05MGFzODc2ZmQ4OWFzNWZnOGEwOXM=,136,17,8,2,1
https://cdn.trytraffics.com/rdr/YWE9NDA3MjM4NjQ3JnNlaT0yODU1ODQ5OSZ0az1NN2lNdWlBTVgwU1hpcndRYVdtdyZ0PTUmYz05MGFzODc2ZmQ4OWFzNWZnOGEwOXM=,136,16,8,2,1
http://safety-profiles-fb-ads-156388886.vercel.app/,51,9,10,2,0
https://cdn.trytraffics.com/rdr/YWE9NDA3MjM4NjM3JnNlaT0yODU1ODUyMyZ0az1oQnBIQ1dMektIeWxXR0UzOHZKWCZ0PTUmYz05MGFzODc2ZmQ4OWFzNWZnOGEwOXM=,136,15,8,2,1
https://cdn.trytraffics.com/rdr/YWE9NDA3MjM4NjM2JnNlaT0yODU1ODUyNCZ0az14ejVUZnVNdXNveW4zUXB1QXJaZiZ0PTUmYz05MGFzODc2ZmQ4OWFzNWZnOGEwOXM=,136,16,8,2,1
http://airbnb-clone-exabiier.vercel.app/,40,0,8,2,0
https://att-102975.weeblysite.com/,34,6,7,2,1
http://att-102975.square.site/,30,6,7,2,0
http://upheld-en-us.godaddysites.com/,37,0,8,2,0
http://ess66943.top/,20,5,5,1,0
http://secure--blokfi--sso---cdn.webflow.io/,44,0,13,2,0
http://login-outlook-filestreamskey.net/,40,0,7,1,0
http://desk-ndaax-authh.webflow.io/,35,0,8,2,0
https://appealrequestgrowthhub.vercel.app/zL20vMDFjcjI4entry=ttu&g_ep=EgoyMDI1MDM,81,4,10,2,1
https://contentlaunchsystemcore-eight.vercel.app/ttu&g_ep=EgoyMDI1MDMyMy4wIKXMDSoA,82,2,10,2,1
http://www.khelstation.com/,27,0,6,2,0
https://pages-verify-business-information-support-id1000649847001.vercel.app/business.html/,91,13,13,3,1
http://www.zamekpotstejn.cz/web/?email=,39,0,9,2,0
http://551005j.cc/,18,6,5,1,0
https://compliancecheckmarketstorm-nu.vercel.app/ttu&g_ep=EgoyMDI1MDMyMy4wIKXMDSoA,82,2,10,2,1
http://rahulgit002.github.io/amazoneclone.github.io,51,3,8,4,0
http://helps-wallets-coinbaes.webflow.io/,41,0,8,2,0
http://dl.t39uvk5.top/,22,3,6,2,0
http://www.veldigveldigenkelltviipss.com/,41,0,6,2,0
https://www.kiirjaudumobiiliipylafi.com/,40,0,6,2,1
http://akhi1704.github.io/tailwind_fb-clone/index.html,54,4,10,3,0
https://hanitinishua.github.io/random-BS-website,48,0,8,2,1
http://aaphold-_logoinos.godaddysites.com/,42,0,8,2,0
http://hub---g-sso-crypto--s-app.webflow.io/,44,0,14,2,0
http://accessrestoringid10034972.vercel.app/,44,8,6,2,0
http://ggg.arshya2123.workers.dev/,34,4,7,3,0
http://santander-dev-week-angular-home.vercel.app/,50,0,10,2,0
http://d0cusing-com.github.io/files,35,1,7,2,0
http://551004l.cc/,18,6,5,1,0
http://fagorederlanloginmlcrosoftonlineservices.ribeiroautocapas.com.br/cgi-bin/reset/authorize?email=3mail@b.c,111,1,14,4,0
http://thegbfoodsloginmlcrosoftonlineservices.ribeiroautocapas.com.br/cgi-bin/reset/authorize,93,0,10,3,0
http://atlascopcologinmlcrosoftonlineservices.ribeiroautocapas.com.br/cgi-bin/reset/authorize?email=3mail@b.c,109,1,14,4,0
http://m--start-l-edger-help.webflow.io/,40,0,11,2,0
http://ms-canis.securen.net/,28,0,7,2,0
http://trezoor-io-starrt-auth.webflow.io/,41,0,9,2,0
http://facebook-clone-ecru-one.vercel.app/,42,0,9,2,0
http://metemsk-login.webflow.io/,32,0,7,2,0
http://livestotr.weebly.com/,28,0,6,2,0
http://newbtintrermail.weebly.com/,34,0,6,2,0
https://arayaaspintex.com/alpha-prm/activemail/webmail/?uid=test@example.com,76,0,13,2,1
https://amazon338.com/,22,3,5,1,1
http://meetamskxtensin.webflow.io/,34,0,6,2,0
http://kuccinologonn.webflow.io/,32,0,6,2,0
https://del-ledger.webflow.io/,30,0,7,2,1
https://authu--live-io--ledger.webflow.io/,42,0,11,2,1
http://att-106930.weeblysite.com/,33,6,7,2,0
https://dwnloadd--leidgerr--live.webflow.io/,44,0,10,2,1
http://kucuiondfsfslogin.webflow.io/,36,0,6,2,0
http://lad-ger-waliet-supp-ort.netlify.app/,43,0,10,2,0
http://mail.magicwheel.event-redeem.com/,40,0,8,3,0
http://trustrwealletlogin.webflow.io/,37,0,6,2,0
http://parkerking001.github.io/rfgty,36,3,6,2,0
https://parkerking001.github.io/balance-main,44,3,7,2,1
http://airbnb-clone-mu-five.vercel.app/,39,0,9,2,0
https://ptnovobancoapp.wixsite.com/novo-banco,45,0,7,2,1
https://ipfs.io/ipfs/bafybeibzdq7kdgbeot6afrzvgd6gn7mzo2raa6yxnzxwsylnzhvn67qg4u/ijoba.html,91,9,8,2,1
https://sigins-appstorinvoicapplse.work.gd/?c2lnN3N0b3JlXw==,60,4,10,2,1
https://r3continuumm.com/landing/form/baa94b8c-27ff-4594-81eb-45f733ede6a4,74,19,11,1,1
https://r3continuumm.com/landing/form/105bb2e3-e782-493c-b087-42f4c4985672,74,25,11,1,1
http://geminijologin.webflow.io/,32,0,6,2,0
https://r3continuumm.com/landing/form/9c8f0ea2-3301-481e-aca2-d3e8be4c78e5,74,19,11,1,1
http://trezaorr.azurewebsites.net/,34,0,6,2,0
http://a551005.cc/,18,6,5,1,0
http://start-i-edger-oauth.webflow.io/,38,0,9,2,0
http://outlooklive365.glitch.me/,32,3,6,2,0
http://genminiawlosginie.godaddysites.com/,42,0,6,2,0
http://nadxx-auth-ndax-io.webflow.io/,37,0,9,2,0
http://www.kampanyan.click/,27,0,6,2,0
http://test-consumer-strengthen.vercel.app/,43,0,8,2,0
http://base---ndaxx--authse.webflow.io/,39,0,11,2,0
http://www.gladyss.biz.id/,26,0,7,3,0
http://www.kirjjaudumobilipylaafii.com/,39,0,6,2,0
http://bitvavo.com.nl.services.condorequipotactico.com.mx/robots.txt,68,0,11,7,0
http://www.rayised992.temp.swtest.ru/,37,3,8,4,0
http://www.rayised992.temp.swtest.ru/messagerie.php,51,3,9,5,0
http://aandagroupbd.com/File/ftp/webmail-portal-RD337,53,3,9,1,0
http://paypalloginin-usa.blogspot.bg/,37,0,7,2,0
https://ethsmart21.top/,23,2,5,1,1
http://vikashspotify.netlify.app/,33,0,6,2,0
https://yzsgj.top/,18,0,5,1,1
http://vue-coinbase.vercel.app/,31,0,7,2,0
http://trezorsieeurstart.webflow.io/,36,0,6,2,0
https://rakouten-cardo2.com/,28,1,6,1,1
http://auth-en-cuinbbase.webflow.io/,36,0,8,2,0
http://help-trezr-start-io.webflow.io/,38,0,9,2,0
https://swed2.242372.icu/7191933/poll,37,14,7,2,1
http://m.ankoncon.com/,22,0,6,2,0
http://3ggggggggggg.blogspot.com/,33,1,6,2,0
http://myjobdhl.earcu.com/jobs/login/,37,0,8,2,0
http://ledgerleforpcb.webflow.io/,33,0,6,2,0
http://perbaikanx-akun-danax4.fiile-resmii3.xyz/,48,2,9,2,0
http://spotifyappclone.netlify.app/,35,0,6,2,0
http://551006m.cc/,18,6,5,1,0
http://metamaskyqlogin.webflow.io/,34,0,6,2,0
http://pub-461b3a9e952f404aa18f3e1cea3b1ac4.r2.dev/index.html,61,19,8,3,0
https://dd57365.cc/,19,5,5,1,1
http://paypalloginin-usa.blogspot.ru/,37,0,7,2,0
http://acountmanager-authplatform-hell1.vercel.app/,51,1,8,2,0
http://hounnoffamoidi-3302.vercel.app/qqk.zsgfm,47,4,8,3,0
http://visit-ndax-auth.webflow.io/,34,0,8,2,0
http://jianzaoxianfeng.com/,27,0,5,1,0
http://pub-0d09a782f1904778bf183d4ce2947a68.r2.dev/index.html,61,24,8,3,0
http://metmaskkwhrome-extesewon.webflow.io/,43,0,7,2,0
http://raiffeisenloginmlcrosoftonlineservices.ribeiroautocapas.com.br/cgi-bin/reset/authorize?email=3mail@b.c,109,1,14,4,0
http://kucoin-loginn.weebly.com/,32,0,7,2,0
http://pub-e3e0b3b2bd7544c0986c65606974f3cb.r2.dev/index.html,61,22,8,3,0
http://app-now-help.netlify.app/,32,0,8,2,0
http://pub-24ea00b8f5434a72bc27750e18d88d59.r2.dev/hidedindex.html,66,23,8,3,0
http://fb-business-profile-12664871.pages.dev/appeal/,53,8,10,2,0
http://metamaskklogiing.webflow.io/,35,0,6,2,0
http://ca-ndax-login-auth.webflow.io/,37,0,9,2,0
http://rectifymainnet.netlify.app/,34,0,6,2,0
https://secure1bmoonline.com/BMOMobileBanking.html,50,1,6,2,1
http://www.87365365.com/,24,8,6,2,0
http://enforcementtrackeradvision-virid.vercel.app/get_help,59,0,8,2,0
http://jane-51g.pages.dev/today/groups/,39,2,9,2,0
http://instagramz.vercel.app/,29,0,6,2,0
http://aa.skinpat.com/,22,0,6,2,0
http://jane-51g.pages.dev/today/,32,2,8,2,0
http://jane-51g.pages.dev/today/camp/,37,2,9,2,0
http://htypdz.top/,18,0,5,1,0
http://mutaksmklogns.godaddysites.com/,38,0,6,2,0
http://www.dansdata.com/files/ebay_archangel.htm,48,0,9,3,0
http://pub-dd223b9733bf41aa8018f1acb645c811.r2.dev/zusdindex.html,65,21,8,3,0
http://auth-app-crypto-en-auth.webflow.io/,42,0,10,2,0
https://shopifylink.cc/,23,0,5,1,1
http://b1276.cc/,16,4,5,1,0
http://f551009.cc/,18,6,5,1,0
http://jane-51g.pages.dev/retail/,33,2,8,2,0
http://sso-ndax-loggin.webflow.io/,34,0,8,2,0
http://metamask-web.vercel.app/,31,0,7,2,0
http://pwgrqmpnj.pnsiayfas.net/,31,0,6,2,0
http://coiiinbseprologn.godaddysites.com/,41,0,6,2,0
http://discordnitro-gen.github.io/,34,0,7,2,0
https://bafkreiehjatmkhv5y2zkeaj2idmdb5w5mhl6mljeo34tmuhgam2vjzh6ya.ipfs.dweb.link/,83,10,7,3,1
http://case-id-1000228292792.colinmoffat.co.uk/,47,13,9,3,0
http://mondaysharepoint-282db.firebaseapp.com/,46,3,7,2,0
http://geemuini-llogginm.godaddysites.com/,42,0,7,2,0
https://neweventcodashop.event-redeem.com/,42,0,7,2,1
https://maul.artmaker.com.mx/greece6527239909/,46,10,8,3,1
https://maul.artmaker.com.mx/greece6527239909/account/,54,10,9,3,1
http://chimerical-alpaca-3be40d.netlify.app/,44,3,8,2,0
http://sso----ndaax--cdn---auths.webflow.io/,44,0,15,2,0
https://airbnb.bookings-1.ru/,29,1,7,2,1
https://p365666.com/,20,6,5,1,1
http://pub-ae305e9f63064f54bdc04a022071cdac.r2.dev/index.html,61,20,8,3,0
https://www.bitvavo.com.nl.services.cyberbhartiyam.com/,55,0,10,6,1
https://danaa-id.official-resmi.top/,36,0,8,2,1
https://a.yyyy.cf/,18,0,6,2,1
https://3659339.net/,20,7,5,1,1
http://feineideummoifra-6150.vercel.app/bkcu.fvtm,49,4,8,3,0
http://ndaxlogin-caa.webflow.io/,32,0,7,2,0
https://bafybeiez5olqzw5oq2hfi3dmo3nnz4y6iox6gz7774rud4o2sp6uh43pxe.ipfs.dweb.link/,83,17,7,3,1
http://amazon-clone-w8d8.vercel.app/,36,2,8,2,0
http://xelvox.sbs/.wp/netfV/22da493b4d98856a189512d0953073b5,60,25,8,2,0
http://lebanonnh.onedrive.business/,35,0,6,2,0
https://3659338.net/,20,7,5,1,1
https://most-cat-rapping.on-fleek.app/,38,0,9,2,1
https://1336ooo0.com/,21,5,5,1,1
https://y08o.xyz/,17,2,5,1,1
https://full-energy-early.on-fleek.app/,39,0,9,2,1
http://activemanage-2.vercel.app/managerment/gfsadsagdscssw.html,64,1,9,3,0
http://blockfe-cdn.godaddysites.com/,36,0,7,2,0
http://metamaueskelogine.webflow.io/,36,0,6,2,0
http://vkorg.webservis.ru/,26,0,6,2,0
http://netflixgpt-98554.web.app/,32,5,7,2,0
http://arpan595jain.github.io/Amazonclone,41,3,6,2,0
https://www.uspssmartpackagelockers.com/,40,0,6,2,1
http://www.smartparcellocker.tech/,34,0,6,2,0
https://bafybeid2c2mdeiiysuldtcrlma2oaydsigt4ev55cttcb53zk6ldw7cozy.ipfs.dweb.link/,83,10,7,3,1
https://surjo.click/,20,0,5,1,1
http://kiraken-loggnzz.godaddysites.com/,40,0,7,2,0
http://minanasser.github.io/Netflix-colon,41,0,7,2,0
http://shaw-107413.weeblysite.com/,34,6,7,2,0
http://portal-ndax---io-cdn-aauth.webflow.io/,45,0,12,2,0
http://bantuann.dana-indonesia.top/,35,0,7,2,0
https://sp.zhabite.com/,23,0,6,2,1
http://paypalloginin-usa.blogspot.com.ar/,41,0,8,3,0
https://bitvavo.com.nl.services.cyberbhartiyam.com/,51,0,9,5,1
http://ultrasc643alingsyncingso544.pages.dev/,45,6,6,2,0
http://irapadatwcspectrum.weebly.com/,37,0,6,2,0
http://shaw-104885.weeblysite.com/,34,6,7,2,0
https://business.changeonline.top/,34,0,6,2,1
http://live--ledger-cdn.webflow.io/,35,0,9,2,0
https://rakouten-cardo1.com/,28,1,6,1,1
https://tea01.pages.dev/,24,2,6,2,1
https://m71b.xyz/,17,2,5,1,1
http://bafybeia47jwp444qim2245sns24s5dnmr4wzkd3tvyeykxiimn7i6aedwe.ipfs.dweb.link/,82,16,7,3,0
https://secure1bmoonline.com/,29,1,5,1,1
http://trezor-cmnstart.webflow.io/,34,0,7,2,0
http://www.3656qqq.com/,23,4,6,2,0
https://bafybeielcgjuukgaqyqmvrwkktifkvotivozu5jannivkjkt7aqa3fwjqa.ipfs.dweb.link/,83,3,7,3,1
https://p14j.xyz/,17,2,5,1,1
http://mail.mlbb-redeem-shop.merchats.com/,42,0,9,3,0
http://junoadminstrt.weebly.com/,32,0,6,2,0
http://cnoside-spotify-clone.firebaseapp.com/,45,0,8,2,0
https://j116n.xyz/,18,3,5,1,1
http://netflix-sepia-one.vercel.app/,36,0,8,2,0
http://netflix-devzero.vercel.app/,34,0,7,2,0
http://sso----ndax---view-cdn-nav.webflow.io/,45,0,15,2,0
http://ee-info-update.web.app/,30,0,8,2,0
http://waaseyzulfiqar.github.io/Amazon_Clone,44,0,7,2,0
http://hhsfyuihsa3-4-25gf.91z.my.id/,36,6,9,3,0
https://bafybeibq7xnxx2f4bvcd6bwiotuyscvvq7gk3n6236z2wlju5yn4kcrh4a.ipfs.dweb.link/,83,14,7,3,1
https://ywef.github.io/instafreefollowers.github.io/,52,0,9,4,1
http://ee-recover-account.web.app/,34,0,8,2,0
http://mollalign.github.io/AppleClone,37,0,6,2,0
http://clone-c2da3.web.app/,27,2,7,2,0
http://rehmat-m-ismail.github.io/amazon-webpage,47,0,9,2,0
http://windstreamonlineszz.weebly.com/,38,0,6,2,0
http://steam.tppclm.cn/,23,0,6,2,0
https://webmail-102279.weeblysite.com/,38,6,7,2,1
http://webmail-102279.square.site/,34,6,7,2,0
http://www.5510006.top/,23,7,6,2,0
https://led-ger-logg-in.netlify.app/,36,0,9,2,1
http://methiamasklohgin.webflow.io/,35,0,6,2,0
http://cjt.ios.mybluehost.me/NO/36cd7d4/Sign_in.php,51,4,11,4,0
http://weujaleppouxau-8188.vercel.app/iqd.uzrmb,47,4,8,3,0
http://get-start-trezorsuite.webflow.io/,40,0,8,2,0
http://qnbfnnsbkndogrlm.xyz/,28,0,5,1,0
http://matamasxk-loogiyz.godaddysites.com/,42,0,7,2,0
http://sso-ca-bitbuy---auth---cdn.webflow.io/,45,0,14,2,0
http://www.youremotejobs.com/netflix,36,0,6,2,0
http://tribunpisang5.blogspot.dk/?m=1,37,2,8,2,0
http://tribunpisang5.blogspot.com/?m=1,38,2,8,2,0
http://ayawe21.blogspot.com/?m=1,32,3,8,2,0
http://ayawe21.blogspot.se/?m=1,31,3,8,2,0
http://tribuntrik123.blogspot.com/?m=1,38,4,8,2,0
http://tribuntrik123.blogspot.cl/?m=1,37,4,8,2,0
http://hnhaomo.com/memberservice,32,0,5,1,0
http://trezorqiostarz.webflow.io/,33,0,6,2,0
http://portal--opp-auth--ndax-cdn.webflow.io/,45,0,12,2,0
https://www.youremotejobs.com/tok750,36,3,6,2,1
http://gemieniologini.webflow.io/index.html,43,0,7,3,0
http://gimnelogvn.webflow.io/index.html,39,0,7,3,0
http://guenimiiiyloginnn.webflow.io/index.html,46,0,7,3,0
http://logii-usggemini.webflow.io/index.html,44,0,8,3,0
https://daily-legendary-root.glitch.me/public/MmJbG.htm,55,0,10,3,1
http://web-cqxarjotd-uniswap.vercel.app/,40,0,8,2,0
http://vrushabh0428.github.io/Amazon-Clone,42,4,7,2,0
http://aryanbhardwaj123.github.io/Amazon_Clone,46,3,7,2,0
https://msnras.org/C_H/tmlbank/ec7d32f72/signin.php?session=646230636436,72,17,12,2,1
http://paypalloginin-usa.blogspot.ie/,37,0,7,2,0
http://kmantu763.github.io/Amazon_Clone_Project,47,3,8,2,0
http://paypalloginin-usa.blogspot.md/,37,0,7,2,0
http://uttamkumar25.github.io/web.github.io,43,2,8,4,0
http://case-id-100093717.github.io/,35,9,8,2,0
https://bafkreieti7yk7oz2gq3vobxm7wbe42wtgqtkv6ibai4xjudeaisp6neysa.ipfs.dweb.link/,83,10,7,3,1
http://www.zyumakirinz.akuanakmamah.de/,39,0,7,3,0
http://mlbb-esport-codashop.merchats.com/,41,0,8,2,0
https://cloud1dv.com/k/42afc77d-e76d-4c1b-b327-73d1c9a5b147,59,20,10,1,1
http://www.cloudly.live/files/doc/CdOV/,39,0,9,2,0
http://enforcementalertleadsphere.vercel.app/3a36efff&cf6=5a&1eG=K9dHF3da4b=D400e.html,86,12,12,3,0
http://saleemkhan2003.github.io/Netflix-clone,45,4,7,2,0
http://meata-massk_lugiin.godaddysites.com/,43,0,8,2,0
http://app--ndax-io-auth.webflow.io/,36,0,10,2,0
http://pub-6b957634357a4e1e8585f1a48a0ac6f9.r2.dev/New2.html,60,24,8,3,0
http://dapp-starter-g3by6mqqf-dung-huynh-duc-kakas-projects.vercel.app/,71,2,13,2,0
http://alienoffice.firebaseapp.com/,35,0,6,2,0
http://cesatreupreika-9911.vercel.app/kpdv.kkvt,47,4,8,3,0
http://secure-blokfi---sso-cdn-auths.webflow.io/,48,0,12,2,0
http://gimking_zxliling.godaddysites.com/,41,0,7,2,0
http://reelworld.vercel.app/,28,0,6,2,0
http://shalin1352004.github.io/amazonclone3,43,8,6,2,0
http://tamanna154.github.io/AmazonClone,39,3,6,2,0
http://klaiim-hadia4h-danaaiid.resmiinii2.xyz/,46,2,8,2,0
http://us-b50.pages.dev/,24,2,7,2,0
http://entertainmentesport.merchats.com/,40,0,6,2,0
http://metaa-mask-loghin.godaddysites.com/,42,0,8,2,0
http://chase-bank-gamm.vercel.app/,34,0,8,2,0
https://pub-d21d85e7bded40a58b025a2412bbf04b.r2.dev/index.html,62,19,8,3,1
http://csgvsdffh.weebly.com/,28,0,6,2,0
http://raghavsharma77.github.io/Amazon-interface,48,2,7,2,0
http://gzvsew.pnsiayfas.net/,28,0,6,2,0
http://safwanasafu.github.io/facebook.clone,43,0,7,3,0
http://industrious-reindeer.static.domains/,43,0,7,2,0
http://swiftdecentralizedapp.com/,33,0,5,1,0
http://memetiamaask-llogs.godaddysites.com/,43,0,7,2,0
http://sso-ndax-loogin.webflow.io/,34,0,8,2,0
http://fb-login-clone.vercel.app/,33,0,8,2,0
http://base--ndax-login.webflow.io/,35,0,9,2,0
http://authorize-l0gin0365.com/,31,5,6,1,0
http://securebridge.pages.dev/,30,0,6,2,0
https://wwwfaceboolk.com/,25,0,5,1,1
http://phase-ndaxx-auth.webflow.io/,35,0,8,2,0
http://help-liveledawrllet--webb.webflow.io/,44,0,9,2,0
http://2qatq303.cc/,19,4,5,1,0
http://utsav0446.github.io/assignments,38,4,6,2,0
http://raghu071003.github.io/AmazonClone,40,6,6,2,0
https://bt-104804.weeblysite.com/,33,6,7,2,1
http://fluidcontitech.com/,26,0,5,1,0
http://telstrahyjk.weebly.com/,30,0,6,2,0
http://bt-104600.weeblysite.com/,32,6,7,2,0
http://nohoyafoide-8019.vercel.app/euav.nraf,44,4,8,3,0
http://basvursana2025hemen.vercel.app/,38,4,6,2,0
http://outook.lojaseofertas.com/,32,0,6,2,0
http://accountmanger-free.vercel.app/,37,0,7,2,0
http://acountmanager-authplatform-hell.vercel.app/,50,0,8,2,0
http://0917.jtdn.eu.org/,24,4,7,3,0
https://pubgmobileus3.blogspot.com/,35,1,6,2,1
http://pubgmobileus3.blogspot.mk/,33,1,6,2,0
http://www.h551005.cc/,22,6,6,2,0
http://98c1949aefa2008521894963f3c340ce04c.github.io/,53,25,6,2,0
http://multiplenetwork.pages.dev/,33,0,6,2,0
http://agripro-tracteur-564478.com/,35,6,7,1,0
http://huge-art-colossal.on-fleek.app/,38,0,9,2,0
http://3659tt.net/,18,4,5,1,0
http://netflixgpt-66e93.firebaseapp.com/,40,4,7,2,0
http://netflixgpt-auth-73f67.web.app/,37,4,8,2,0
http://551002n.cc/,18,6,5,1,0
http://1211.541915636.xyz/,26,13,6,2,0
http://shaw-107386.weeblysite.com/,34,6,7,2,0
http://privateadminaccessdashboard-2.vercel.app/managerment/Landingpage/landingpage.html,88,1,10,3,0
http://sg-guruntuker-koin.loginn.top/,37,0,8,2,0
https://1111365wz.cc/wap.html,29,7,6,2,1
